Wikidata_URI	DBpedia15_URI	DBpedia16_URI	source
http://www.wikidata.org/entity/Q1605137	http://dbpedia.org/resource/Hendrix_College	http://dbpedia.org/resource/Hendrix_College	Hendrix_College
http://www.wikidata.org/entity/Q1070333	http://dbpedia.org/resource/University_of_Arkansas	http://dbpedia.org/resource/University_of_Arkansas	University_of_Arkansas
http://www.wikidata.org/entity/Q1026909	http://dbpedia.org/resource/California_State_University,_Dominguez_Hills	http://dbpedia.org/resource/California_State_University,_Dominguez_Hills	California_State_University,_Dominguez_Hills
http://www.wikidata.org/entity/Q498526	http://dbpedia.org/resource/San_Jose_State_University	http://dbpedia.org/resource/San_Jose_State_University	San_Jose_State_University
http://www.wikidata.org/entity/Q5126318	http://dbpedia.org/resource/Claremont_McKenna_College	http://dbpedia.org/resource/Claremont_McKenna_College	Claremont_McKenna_College
http://www.wikidata.org/entity/Q4614	http://dbpedia.org/resource/University_of_Southern_California	http://dbpedia.org/resource/University_of_Southern_California	University_of_Southern_California
http://www.wikidata.org/entity/Q1111261	http://dbpedia.org/resource/Colorado_College	http://dbpedia.org/resource/Colorado_College	Colorado_College
http://www.wikidata.org/entity/Q49167	http://dbpedia.org/resource/Wesleyan_University	http://dbpedia.org/resource/Wesleyan_University	Wesleyan_University
http://www.wikidata.org/entity/Q1509333	http://dbpedia.org/resource/Georgia_State_University	http://dbpedia.org/resource/Georgia_State_University	Georgia_State_University
http://www.wikidata.org/entity/Q3298337	http://dbpedia.org/resource/Augustana_College_(Illinois)	http://dbpedia.org/resource/Augustana_College_(Illinois)	Augustana_College_(Illinois)
http://www.wikidata.org/entity/Q558922	http://dbpedia.org/resource/Illinois_State_University	http://dbpedia.org/resource/Illinois_State_University	Illinois_State_University
http://www.wikidata.org/entity/Q7054728	http://dbpedia.org/resource/North_Central_College	http://dbpedia.org/resource/North_Central_College	North_Central_College
http://www.wikidata.org/entity/Q7690168	http://dbpedia.org/resource/Taylor_University	http://dbpedia.org/resource/Taylor_University	Taylor_University
http://www.wikidata.org/entity/Q186047	http://dbpedia.org/resource/Valparaiso_University	http://dbpedia.org/resource/Valparaiso_University	Valparaiso_University
http://www.wikidata.org/entity/Q52413	http://dbpedia.org/resource/University_of_Kansas	http://dbpedia.org/resource/University_of_Kansas	University_of_Kansas
http://www.wikidata.org/entity/Q1360303	http://dbpedia.org/resource/University_of_Kentucky	http://dbpedia.org/resource/University_of_Kentucky	University_of_Kentucky
http://www.wikidata.org/entity/Q1872239	http://dbpedia.org/resource/Louisiana_Tech_University	http://dbpedia.org/resource/Louisiana_Tech_University	Louisiana_Tech_University
http://www.wikidata.org/entity/Q693674	http://dbpedia.org/resource/Bentley_University	http://dbpedia.org/resource/Bentley_University	Bentley_University
http://www.wikidata.org/entity/Q49119	http://dbpedia.org/resource/Brandeis_University	http://dbpedia.org/resource/Brandeis_University	Brandeis_University
http://www.wikidata.org/entity/Q2620177	http://dbpedia.org/resource/College_of_the_Holy_Cross	http://dbpedia.org/resource/College_of_the_Holy_Cross	College_of_the_Holy_Cross
http://www.wikidata.org/entity/Q5585004	http://dbpedia.org/resource/Gordon_College_(Massachusetts)	http://dbpedia.org/resource/Gordon_College_(Massachusetts)	Gordon_College_(Massachusetts)
http://www.wikidata.org/entity/Q230492	http://dbpedia.org/resource/University_of_Michigan	http://dbpedia.org/resource/University_of_Michigan	University_of_Michigan
http://www.wikidata.org/entity/Q392667	http://dbpedia.org/resource/Wake_Forest_University	http://dbpedia.org/resource/Wake_Forest_University	Wake_Forest_University
http://www.wikidata.org/entity/Q49116	http://dbpedia.org/resource/Dartmouth_College	http://dbpedia.org/resource/Dartmouth_College	Dartmouth_College
http://www.wikidata.org/entity/Q5491762	http://dbpedia.org/resource/Franklin_Pierce_University	http://dbpedia.org/resource/Franklin_Pierce_University	Franklin_Pierce_University
http://www.wikidata.org/entity/Q585828	http://dbpedia.org/resource/Seton_Hall_University	http://dbpedia.org/resource/Seton_Hall_University	Seton_Hall_University
http://www.wikidata.org/entity/Q49211	http://dbpedia.org/resource/Rensselaer_Polytechnic_Institute	http://dbpedia.org/resource/Rensselaer_Polytechnic_Institute	Rensselaer_Polytechnic_Institute
http://www.wikidata.org/entity/Q617433	http://dbpedia.org/resource/Syracuse_University	http://dbpedia.org/resource/Syracuse_University	Syracuse_University
http://www.wikidata.org/entity/Q2002085	http://dbpedia.org/resource/Wright_State_University	http://dbpedia.org/resource/Wright_State_University	Wright_State_University
http://www.wikidata.org/entity/Q640652	http://dbpedia.org/resource/University_of_Oklahoma	http://dbpedia.org/resource/University_of_Oklahoma	University_of_Oklahoma
http://www.wikidata.org/entity/Q5539406	http://dbpedia.org/resource/George_Fox_University	http://dbpedia.org/resource/George_Fox_University	George_Fox_University
http://www.wikidata.org/entity/Q6553672	http://dbpedia.org/resource/Linfield_College	http://dbpedia.org/resource/Linfield_College	Linfield_College
http://www.wikidata.org/entity/Q4737977	http://dbpedia.org/resource/Alvernia_University	http://dbpedia.org/resource/Alvernia_University	Alvernia_University
http://www.wikidata.org/entity/Q579611	http://dbpedia.org/resource/Haverford_College	http://dbpedia.org/resource/Haverford_College	Haverford_College
http://www.wikidata.org/entity/Q1951942	http://dbpedia.org/resource/Muhlenberg_College	http://dbpedia.org/resource/Muhlenberg_College	Muhlenberg_College
http://www.wikidata.org/entity/Q6665223	http://dbpedia.org/resource/Lock_Haven_University_of_Pennsylvania	http://dbpedia.org/resource/Lock_Haven_University_of_Pennsylvania	Lock_Haven_University_of_Pennsylvania
http://www.wikidata.org/entity/Q5166453	http://dbpedia.org/resource/Converse_College	http://dbpedia.org/resource/Converse_College	Converse_College
http://www.wikidata.org/entity/Q1798619	http://dbpedia.org/resource/Lipscomb_University	http://dbpedia.org/resource/Lipscomb_University	Lipscomb_University
http://www.wikidata.org/entity/Q7458159	http://dbpedia.org/resource/Sewanee:_The_University_of_the_South	http://dbpedia.org/resource/Sewanee:_The_University_of_the_South	Sewanee:_The_University_of_the_South
http://www.wikidata.org/entity/Q49212	http://dbpedia.org/resource/Texas_A&M_University	http://dbpedia.org/resource/Texas_A&M_University	Texas_A&M_University
http://www.wikidata.org/entity/Q632573	http://dbpedia.org/resource/Southern_Utah_University	http://dbpedia.org/resource/Southern_Utah_University	Southern_Utah_University
http://www.wikidata.org/entity/Q3439925	http://dbpedia.org/resource/Pacific_Lutheran_University	http://dbpedia.org/resource/Pacific_Lutheran_University	Pacific_Lutheran_University
http://www.wikidata.org/entity/Q727	http://dbpedia.org/resource/Amsterdam	http://dbpedia.org/resource/Amsterdam	Amsterdam
http://www.wikidata.org/entity/Q32	http://dbpedia.org/resource/Luxembourg	http://dbpedia.org/resource/Luxembourg	Luxembourg
http://www.wikidata.org/entity/Q84	http://dbpedia.org/resource/London	http://dbpedia.org/resource/London	London
http://www.wikidata.org/entity/Q1492	http://dbpedia.org/resource/Barcelona	http://dbpedia.org/resource/Barcelona	Barcelona
http://www.wikidata.org/entity/Q1335	http://dbpedia.org/resource/Montevideo	http://dbpedia.org/resource/Montevideo	Montevideo
http://www.wikidata.org/entity/Q1865	http://dbpedia.org/resource/Kuala_Lumpur	http://dbpedia.org/resource/Kuala_Lumpur	Kuala_Lumpur
http://www.wikidata.org/entity/Q35381	http://dbpedia.org/resource/Colombo	http://dbpedia.org/resource/Colombo	Colombo
http://www.wikidata.org/entity/Q3805	http://dbpedia.org/resource/Amman	http://dbpedia.org/resource/Amman	Amman
http://www.wikidata.org/entity/Q1491	http://dbpedia.org/resource/La_Paz	http://dbpedia.org/resource/La_Paz	La_Paz
http://www.wikidata.org/entity/Q16666	http://dbpedia.org/resource/Nanjing	http://dbpedia.org/resource/Nanjing	Nanjing
http://www.wikidata.org/entity/Q1156	http://dbpedia.org/resource/Mumbai	http://dbpedia.org/resource/Mumbai	Mumbai
http://www.wikidata.org/entity/Q19689	http://dbpedia.org/resource/Tirana	http://dbpedia.org/resource/Tirana	Tirana
http://www.wikidata.org/entity/Q2280	http://dbpedia.org/resource/Minsk	http://dbpedia.org/resource/Minsk	Minsk
http://www.wikidata.org/entity/Q900	http://dbpedia.org/resource/Kazan	http://dbpedia.org/resource/Kazan	Kazan
http://www.wikidata.org/entity/Q3733	http://dbpedia.org/resource/Conakry	http://dbpedia.org/resource/Conakry	Conakry
http://www.wikidata.org/entity/Q3703	http://dbpedia.org/resource/Bamako	http://dbpedia.org/resource/Bamako	Bamako
http://www.wikidata.org/entity/Q3897	http://dbpedia.org/resource/Luanda	http://dbpedia.org/resource/Luanda	Luanda
http://www.wikidata.org/entity/Q3844	http://dbpedia.org/resource/Brazzaville	http://dbpedia.org/resource/Brazzaville	Brazzaville
http://www.wikidata.org/entity/Q81965	http://dbpedia.org/resource/General_Motors	http://dbpedia.org/resource/General_Motors	General_Motors
http://www.wikidata.org/entity/Q2813	http://dbpedia.org/resource/Coca-Cola	http://dbpedia.org/resource/Coca-Cola	Coca-Cola
http://www.wikidata.org/entity/Q6686	http://dbpedia.org/resource/Renault	http://dbpedia.org/resource/Renault	Renault
http://www.wikidata.org/entity/Q1683452	http://dbpedia.org/resource/Jardine_Matheson	http://dbpedia.org/resource/Jardine_Matheson	Jardine_Matheson
http://www.wikidata.org/entity/Q7240	http://dbpedia.org/resource/Lockheed_Martin	http://dbpedia.org/resource/Lockheed_Martin	Lockheed_Martin
http://www.wikidata.org/entity/Q35349	http://dbpedia.org/resource/Kia_Motors	http://dbpedia.org/resource/Kia_Motors	Kia_Motors
http://www.wikidata.org/entity/Q739416	http://dbpedia.org/resource/BAE_Systems	http://dbpedia.org/resource/BAE_Systems	BAE_Systems
http://www.wikidata.org/entity/Q688613	http://dbpedia.org/resource/Syngenta	http://dbpedia.org/resource/Syngenta	Syngenta
http://www.wikidata.org/entity/Q644324	http://dbpedia.org/resource/Swisscom	http://dbpedia.org/resource/Swisscom	Swisscom
http://www.wikidata.org/entity/Q1584297	http://dbpedia.org/resource/Tenaga_Nasional	http://dbpedia.org/resource/Tenaga_Nasional	Tenaga_Nasional
http://www.wikidata.org/entity/Q1813910	http://dbpedia.org/resource/Tokyo_Gas	http://dbpedia.org/resource/Tokyo_Gas	Tokyo_Gas
http://www.wikidata.org/entity/Q632233	http://dbpedia.org/resource/HeidelbergCement	http://dbpedia.org/resource/HeidelbergCement	HeidelbergCement
http://www.wikidata.org/entity/Q806626	http://dbpedia.org/resource/Bank_Central_Asia	http://dbpedia.org/resource/Bank_Central_Asia	Bank_Central_Asia
http://www.wikidata.org/entity/Q2003549	http://dbpedia.org/resource/Axis_Bank	http://dbpedia.org/resource/Axis_Bank	Axis_Bank
http://www.wikidata.org/entity/Q1146592	http://dbpedia.org/resource/Kone	http://dbpedia.org/resource/Kone	Kone
http://www.wikidata.org/entity/Q1730802	http://dbpedia.org/resource/Kobe_Steel	http://dbpedia.org/resource/Kobe_Steel	Kobe_Steel
http://www.wikidata.org/entity/Q894585	http://dbpedia.org/resource/Boston_Scientific	http://dbpedia.org/resource/Boston_Scientific	Boston_Scientific
http://www.wikidata.org/entity/Q547450	http://dbpedia.org/resource/Celanese	http://dbpedia.org/resource/Celanese	Celanese
http://www.wikidata.org/entity/Q2274089	http://dbpedia.org/resource/Wynn_Resorts	http://dbpedia.org/resource/Wynn_Resorts	Wynn_Resorts
http://www.wikidata.org/entity/Q2040404	http://dbpedia.org/resource/Kotak_Mahindra_Bank	http://dbpedia.org/resource/Kotak_Mahindra_Bank	Kotak_Mahindra_Bank
http://www.wikidata.org/entity/Q3719328	http://dbpedia.org/resource/ST_Engineering	http://dbpedia.org/resource/ST_Engineering	ST_Engineering
http://www.wikidata.org/entity/Q5453752	http://dbpedia.org/resource/First_Republic_Bank	http://dbpedia.org/resource/First_Republic_Bank	First_Republic_Bank
http://www.wikidata.org/entity/Q305393	http://dbpedia.org/resource/First_Pacific	http://dbpedia.org/resource/First_Pacific	First_Pacific
http://www.wikidata.org/entity/Q369496	http://dbpedia.org/resource/Celesio	http://dbpedia.org/resource/Celesio	Celesio
http://www.wikidata.org/entity/Q105557	http://dbpedia.org/resource/Embraer	http://dbpedia.org/resource/Embraer	Embraer
http://www.wikidata.org/entity/Q250362	http://dbpedia.org/resource/Israel_Discount_Bank	http://dbpedia.org/resource/Israel_Discount_Bank	Israel_Discount_Bank
http://www.wikidata.org/entity/Q2007823	http://dbpedia.org/resource/OPAP	http://dbpedia.org/resource/OPAP	OPAP
http://www.wikidata.org/entity/Q185339	http://dbpedia.org/resource/Air_Canada	http://dbpedia.org/resource/Air_Canada	Air_Canada
http://www.wikidata.org/entity/Q626409	http://dbpedia.org/resource/LG_Uplus	http://dbpedia.org/resource/LG_Uplus	LG_Uplus
http://www.wikidata.org/entity/Q1739782	http://dbpedia.org/resource/Kesko	http://dbpedia.org/resource/Kesko	Kesko
http://www.wikidata.org/entity/Q378166	http://dbpedia.org/resource/Stankonia	http://dbpedia.org/resource/Stankonia	Stankonia
http://www.wikidata.org/entity/Q7738493	http://dbpedia.org/resource/The_Guitar_Song	http://dbpedia.org/resource/The_Guitar_Song	The_Guitar_Song
http://www.wikidata.org/entity/Q605647	http://dbpedia.org/resource/HoboSapiens	http://dbpedia.org/resource/HoboSapiens	HoboSapiens
http://www.wikidata.org/entity/Q1090053	http://dbpedia.org/resource/Chutes_Too_Narrow	http://dbpedia.org/resource/Chutes_Too_Narrow	Chutes_Too_Narrow
http://www.wikidata.org/entity/Q1630983	http://dbpedia.org/resource/Neon_Bible	http://dbpedia.org/resource/Neon_Bible	Neon_Bible
http://www.wikidata.org/entity/Q924593	http://dbpedia.org/resource/Feast_of_Wire	http://dbpedia.org/resource/Feast_of_Wire	Feast_of_Wire
http://www.wikidata.org/entity/Q859017	http://dbpedia.org/resource/Rings_Around_the_World	http://dbpedia.org/resource/Rings_Around_the_World	Rings_Around_the_World
http://www.wikidata.org/entity/Q4780328	http://dbpedia.org/resource/Apollo_Kids_(album)	http://dbpedia.org/resource/Apollo_Kids_(album)	Apollo_Kids_(album)
http://www.wikidata.org/entity/Q1503114	http://dbpedia.org/resource/Geogaddi	http://dbpedia.org/resource/Geogaddi	Geogaddi
http://www.wikidata.org/entity/Q3259840	http://dbpedia.org/resource/Lost_and_Safe	http://dbpedia.org/resource/Lost_and_Safe	Lost_and_Safe
http://www.wikidata.org/entity/Q6691972	http://dbpedia.org/resource/Love_on_the_Inside	http://dbpedia.org/resource/Love_on_the_Inside	Love_on_the_Inside
http://www.wikidata.org/entity/Q2553166	http://dbpedia.org/resource/We_Are_Beautiful,_We_Are_Doomed	http://dbpedia.org/resource/We_Are_Beautiful,_We_Are_Doomed	We_Are_Beautiful,_We_Are_Doomed
http://www.wikidata.org/entity/Q263520	http://dbpedia.org/resource/Figure_8_(album)	http://dbpedia.org/resource/Figure_8_(album)	Figure_8_(album)
http://www.wikidata.org/entity/Q7233493	http://dbpedia.org/resource/Post-War	http://dbpedia.org/resource/Post-War	Post-War
http://www.wikidata.org/entity/Q1410765	http://dbpedia.org/resource/Riot!	http://dbpedia.org/resource/Riot!	Riot!
http://www.wikidata.org/entity/Q6827814	http://dbpedia.org/resource/Mic_Tyson	http://dbpedia.org/resource/Mic_Tyson	Mic_Tyson
http://www.wikidata.org/entity/Q3373216	http://dbpedia.org/resource/Pawn_Shoppe_Heart	http://dbpedia.org/resource/Pawn_Shoppe_Heart	Pawn_Shoppe_Heart
http://www.wikidata.org/entity/Q3284238	http://dbpedia.org/resource/The_Magic_Numbers_(album)	http://dbpedia.org/resource/The_Magic_Numbers_(album)	The_Magic_Numbers_(album)
http://www.wikidata.org/entity/Q798509	http://dbpedia.org/resource/Backspacer	http://dbpedia.org/resource/Backspacer	Backspacer
http://www.wikidata.org/entity/Q651503	http://dbpedia.org/resource/Blackout!_2	http://dbpedia.org/resource/Blackout!_2	Blackout!_2
http://www.wikidata.org/entity/Q3697240	http://dbpedia.org/resource/Cripple_Crow	http://dbpedia.org/resource/Cripple_Crow	Cripple_Crow
http://www.wikidata.org/entity/Q629989	http://dbpedia.org/resource/The_Open_Door	http://dbpedia.org/resource/The_Open_Door	The_Open_Door
http://www.wikidata.org/entity/Q791982	http://dbpedia.org/resource/Before_I_Self_Destruct	http://dbpedia.org/resource/Before_I_Self_Destruct	Before_I_Self_Destruct
http://www.wikidata.org/entity/Q5652346	http://dbpedia.org/resource/Happiness_Ltd.	http://dbpedia.org/resource/Happiness_Ltd.	Happiness_Ltd.
http://www.wikidata.org/entity/Q3280946	http://dbpedia.org/resource/Kids_in_the_Street	http://dbpedia.org/resource/Kids_in_the_Street	Kids_in_the_Street
http://www.wikidata.org/entity/Q1066402	http://dbpedia.org/resource/R.O.O.T.S.	http://dbpedia.org/resource/R.O.O.T.S.	R.O.O.T.S.
http://www.wikidata.org/entity/Q5436644	http://dbpedia.org/resource/Fasciinatiion	http://dbpedia.org/resource/Fasciinatiion	Fasciinatiion
http://www.wikidata.org/entity/Q525847	http://dbpedia.org/resource/Back_on_My_B.S.	http://dbpedia.org/resource/Back_on_My_B.S.	Back_on_My_B.S.
http://www.wikidata.org/entity/Q2556831	http://dbpedia.org/resource/Shaman_(album)	http://dbpedia.org/resource/Shaman_(album)	Shaman_(album)
http://www.wikidata.org/entity/Q4827119	http://dbpedia.org/resource/Autumn,_Again	http://dbpedia.org/resource/Autumn,_Again	Autumn,_Again
http://www.wikidata.org/entity/Q4345996	http://dbpedia.org/resource/Crossing_the_Rubicon_(The_Sounds_album)	http://dbpedia.org/resource/Crossing_the_Rubicon_(The_Sounds_album)	Crossing_the_Rubicon_(The_Sounds_album)
http://www.wikidata.org/entity/Q23381	http://dbpedia.org/resource/Electronic_Earth	http://dbpedia.org/resource/Electronic_Earth	Electronic_Earth
http://www.wikidata.org/entity/Q4386757	http://dbpedia.org/resource/Morningwood_(album)	http://dbpedia.org/resource/Morningwood_(album)	Morningwood_(album)
http://www.wikidata.org/entity/Q1933459	http://dbpedia.org/resource/Come_to_Life	http://dbpedia.org/resource/Come_to_Life	Come_to_Life
http://www.wikidata.org/entity/Q2463092	http://dbpedia.org/resource/Something_to_Die_For	http://dbpedia.org/resource/Something_to_Die_For	Something_to_Die_For
http://www.wikidata.org/entity/Q1318356	http://dbpedia.org/resource/Just_Whitney	http://dbpedia.org/resource/Just_Whitney	Just_Whitney
http://www.wikidata.org/entity/Q2365687	http://dbpedia.org/resource/SuperHeavy_(album)	http://dbpedia.org/resource/SuperHeavy_(album)	SuperHeavy_(album)
http://www.wikidata.org/entity/Q214838	http://dbpedia.org/resource/Can't_Be_Tamed	http://dbpedia.org/resource/Can't_Be_Tamed	Can't_Be_Tamed
http://www.wikidata.org/entity/Q580022	http://dbpedia.org/resource/Monkey_Business_(album)	http://dbpedia.org/resource/Monkey_Business_(album)	Monkey_Business_(album)
http://www.wikidata.org/entity/Q3735531	http://dbpedia.org/resource/Everybody_Wants_to_Be_on_TV	http://dbpedia.org/resource/Everybody_Wants_to_Be_on_TV	Everybody_Wants_to_Be_on_TV
http://www.wikidata.org/entity/Q6307719	http://dbpedia.org/resource/Juliana's_Pony:_Total_System_Failure	http://dbpedia.org/resource/Juliana's_Pony:_Total_System_Failure	Juliana's_Pony:_Total_System_Failure
http://www.wikidata.org/entity/Q320588	http://dbpedia.org/resource/Close_Encounters_of_the_Third_Kind	http://dbpedia.org/resource/Close_Encounters_of_the_Third_Kind	Close_Encounters_of_the_Third_Kind
http://www.wikidata.org/entity/Q3201620	http://dbpedia.org/resource/The_Agronomist	http://dbpedia.org/resource/The_Agronomist	The_Agronomist
http://www.wikidata.org/entity/Q5978288	http://dbpedia.org/resource/I_Love_Your_Work	http://dbpedia.org/resource/I_Love_Your_Work	I_Love_Your_Work
http://www.wikidata.org/entity/Q223261	http://dbpedia.org/resource/Final_Destination	http://dbpedia.org/resource/Final_Destination	Final_Destination
http://www.wikidata.org/entity/Q3114616	http://dbpedia.org/resource/Hannibal_Rising_(film)	http://dbpedia.org/resource/Hannibal_Rising_(film)	Hannibal_Rising_(film)
http://www.wikidata.org/entity/Q1313063	http://dbpedia.org/resource/Happy_Gilmore	http://dbpedia.org/resource/Happy_Gilmore	Happy_Gilmore
http://www.wikidata.org/entity/Q700905	http://dbpedia.org/resource/Postal_(film)	http://dbpedia.org/resource/Postal_(film)	Postal_(film)
http://www.wikidata.org/entity/Q1123006	http://dbpedia.org/resource/Superman_IV:_The_Quest_for_Peace	http://dbpedia.org/resource/Superman_IV:_The_Quest_for_Peace	Superman_IV:_The_Quest_for_Peace
http://www.wikidata.org/entity/Q1452656	http://dbpedia.org/resource/Freddy_Got_Fingered	http://dbpedia.org/resource/Freddy_Got_Fingered	Freddy_Got_Fingered
http://www.wikidata.org/entity/Q9013673	http://dbpedia.org/resource/American_Hustle	http://dbpedia.org/resource/American_Hustle	American_Hustle
http://www.wikidata.org/entity/Q571183	http://dbpedia.org/resource/Out_of_Sight	http://dbpedia.org/resource/Out_of_Sight	Out_of_Sight
http://www.wikidata.org/entity/Q483815	http://dbpedia.org/resource/Shrek	http://dbpedia.org/resource/Shrek	Shrek
http://www.wikidata.org/entity/Q2151877	http://dbpedia.org/resource/Riding_Giants	http://dbpedia.org/resource/Riding_Giants	Riding_Giants
http://www.wikidata.org/entity/Q19393	http://dbpedia.org/resource/Whale_Rider	http://dbpedia.org/resource/Whale_Rider	Whale_Rider
http://www.wikidata.org/entity/Q348013	http://dbpedia.org/resource/The_Taste_of_Others	http://dbpedia.org/resource/The_Taste_of_Others	The_Taste_of_Others
http://www.wikidata.org/entity/Q3988576	http://dbpedia.org/resource/The_Original_Kings_of_Comedy	http://dbpedia.org/resource/The_Original_Kings_of_Comedy	The_Original_Kings_of_Comedy
http://www.wikidata.org/entity/Q527380	http://dbpedia.org/resource/Bad_Santa	http://dbpedia.org/resource/Bad_Santa	Bad_Santa
http://www.wikidata.org/entity/Q547538	http://dbpedia.org/resource/It_Might_Get_Loud	http://dbpedia.org/resource/It_Might_Get_Loud	It_Might_Get_Loud
http://www.wikidata.org/entity/Q212123	http://dbpedia.org/resource/Vicky_Cristina_Barcelona	http://dbpedia.org/resource/Vicky_Cristina_Barcelona	Vicky_Cristina_Barcelona
http://www.wikidata.org/entity/Q288173	http://dbpedia.org/resource/Mission:_Impossible_III	http://dbpedia.org/resource/Mission:_Impossible_III	Mission:_Impossible_III
http://www.wikidata.org/entity/Q1064885	http://dbpedia.org/resource/Dolphin_Tale	http://dbpedia.org/resource/Dolphin_Tale	Dolphin_Tale
http://www.wikidata.org/entity/Q1781116	http://dbpedia.org/resource/Nothing_in_Common	http://dbpedia.org/resource/Nothing_in_Common	Nothing_in_Common
http://www.wikidata.org/entity/Q499152	http://dbpedia.org/resource/The_Breakfast_Club	http://dbpedia.org/resource/The_Breakfast_Club	The_Breakfast_Club
http://www.wikidata.org/entity/Q1170157	http://dbpedia.org/resource/The_Claim	http://dbpedia.org/resource/The_Claim	The_Claim
http://www.wikidata.org/entity/Q514293	http://dbpedia.org/resource/Red_Heat	http://dbpedia.org/resource/Red_Heat	Red_Heat
http://www.wikidata.org/entity/Q222867	http://dbpedia.org/resource/2_Fast_2_Furious	http://dbpedia.org/resource/2_Fast_2_Furious	2_Fast_2_Furious
http://www.wikidata.org/entity/Q499371	http://dbpedia.org/resource/Backdraft_(film)	http://dbpedia.org/resource/Backdraft_(film)	Backdraft_(film)
http://www.wikidata.org/entity/Q267866	http://dbpedia.org/resource/Little_Nicky	http://dbpedia.org/resource/Little_Nicky	Little_Nicky
http://www.wikidata.org/entity/Q471976	http://dbpedia.org/resource/The_Chronicles_of_Riddick	http://dbpedia.org/resource/The_Chronicles_of_Riddick	The_Chronicles_of_Riddick
http://www.wikidata.org/entity/Q3988393	http://dbpedia.org/resource/The_Moth_Diaries_(film)	http://dbpedia.org/resource/The_Moth_Diaries_(film)	The_Moth_Diaries_(film)
http://www.wikidata.org/entity/Q340138	http://dbpedia.org/resource/Ace_Ventura:_Pet_Detective	http://dbpedia.org/resource/Ace_Ventura:_Pet_Detective	Ace_Ventura:_Pet_Detective
http://www.wikidata.org/entity/Q195949	http://dbpedia.org/resource/Evan_Almighty	http://dbpedia.org/resource/Evan_Almighty	Evan_Almighty
http://www.wikidata.org/entity/Q1385502	http://dbpedia.org/resource/A_Man_Apart	http://dbpedia.org/resource/A_Man_Apart	A_Man_Apart
http://www.wikidata.org/entity/Q1129313	http://dbpedia.org/resource/Push_(2009_film)	http://dbpedia.org/resource/Push_(2009_film)	Push_(2009_film)
http://www.wikidata.org/entity/Q649254	http://dbpedia.org/resource/Serious_Moonlight_(2009_film)	http://dbpedia.org/resource/Serious_Moonlight_(2009_film)	Serious_Moonlight_(2009_film)
http://www.wikidata.org/entity/Q611043	http://dbpedia.org/resource/Flashdance	http://dbpedia.org/resource/Flashdance	Flashdance
http://www.wikidata.org/entity/Q747940	http://dbpedia.org/resource/Urban_Legend_(film)	http://dbpedia.org/resource/Urban_Legend_(film)	Urban_Legend_(film)
http://www.wikidata.org/entity/Q570271	http://dbpedia.org/resource/Yogi_Bear_(film)	http://dbpedia.org/resource/Yogi_Bear_(film)	Yogi_Bear_(film)
http://www.wikidata.org/entity/Q543403	http://dbpedia.org/resource/Dead_Silence	http://dbpedia.org/resource/Dead_Silence	Dead_Silence
http://www.wikidata.org/entity/Q908423	http://dbpedia.org/resource/The_Back-up_Plan	http://dbpedia.org/resource/The_Back-up_Plan	The_Back-up_Plan
http://www.wikidata.org/entity/Q1302821	http://dbpedia.org/resource/High_School_High	http://dbpedia.org/resource/High_School_High	High_School_High
http://www.wikidata.org/entity/Q657204	http://dbpedia.org/resource/Leap_Year_(2010_film)	http://dbpedia.org/resource/Leap_Year_(2010_film)	Leap_Year_(2010_film)
http://www.wikidata.org/entity/Q3024931	http://dbpedia.org/resource/Let_It_Ride_(film)	http://dbpedia.org/resource/Let_It_Ride_(film)	Let_It_Ride_(film)
http://www.wikidata.org/entity/Q909802	http://dbpedia.org/resource/The_Punisher_(2004_film)	http://dbpedia.org/resource/The_Punisher_(2004_film)	The_Punisher_(2004_film)
http://www.wikidata.org/entity/Q41854	http://dbpedia.org/resource/Ghost_Rider:_Spirit_of_Vengeance	http://dbpedia.org/resource/Ghost_Rider:_Spirit_of_Vengeance	Ghost_Rider:_Spirit_of_Vengeance
http://www.wikidata.org/entity/Q2413413	http://dbpedia.org/resource/The_Perfect_Holiday	http://dbpedia.org/resource/The_Perfect_Holiday	The_Perfect_Holiday
http://www.wikidata.org/entity/Q1325828	http://dbpedia.org/resource/The_Santa_Clause_3:_The_Escape_Clause	http://dbpedia.org/resource/The_Santa_Clause_3:_The_Escape_Clause	The_Santa_Clause_3:_The_Escape_Clause
http://www.wikidata.org/entity/Q2356692	http://dbpedia.org/resource/Sonny_(film)	http://dbpedia.org/resource/Sonny_(film)	Sonny_(film)
http://www.wikidata.org/entity/Q533321	http://dbpedia.org/resource/Undiscovered	http://dbpedia.org/resource/Undiscovered	Undiscovered
http://www.wikidata.org/entity/Q698492	http://dbpedia.org/resource/Drop_Dead_Gorgeous_(film)	http://dbpedia.org/resource/Drop_Dead_Gorgeous_(film)	Drop_Dead_Gorgeous_(film)
http://www.wikidata.org/entity/Q263583	http://dbpedia.org/resource/House_on_Haunted_Hill	http://dbpedia.org/resource/House_on_Haunted_Hill	House_on_Haunted_Hill
http://www.wikidata.org/entity/Q1457030	http://dbpedia.org/resource/Stigmata_(film)	http://dbpedia.org/resource/Stigmata_(film)	Stigmata_(film)
http://www.wikidata.org/entity/Q847435	http://dbpedia.org/resource/The_Spy_Next_Door	http://dbpedia.org/resource/The_Spy_Next_Door	The_Spy_Next_Door
http://www.wikidata.org/entity/Q1340087	http://dbpedia.org/resource/Skyline_(film)	http://dbpedia.org/resource/Skyline_(film)	Skyline_(film)
http://www.wikidata.org/entity/Q584690	http://dbpedia.org/resource/The_Whole_Ten_Yards	http://dbpedia.org/resource/The_Whole_Ten_Yards	The_Whole_Ten_Yards
http://www.wikidata.org/entity/Q225958	http://dbpedia.org/resource/Universal_Soldier:_The_Return	http://dbpedia.org/resource/Universal_Soldier:_The_Return	Universal_Soldier:_The_Return
http://www.wikidata.org/entity/Q348534	http://dbpedia.org/resource/3000_Miles_to_Graceland	http://dbpedia.org/resource/3000_Miles_to_Graceland	3000_Miles_to_Graceland
http://www.wikidata.org/entity/Q2053673	http://dbpedia.org/resource/Crazy_on_the_Outside	http://dbpedia.org/resource/Crazy_on_the_Outside	Crazy_on_the_Outside
http://www.wikidata.org/entity/Q1286387	http://dbpedia.org/resource/The_Cat_in_the_Hat_(film)	http://dbpedia.org/resource/The_Cat_in_the_Hat_(film)	The_Cat_in_the_Hat_(film)
http://www.wikidata.org/entity/Q372299	http://dbpedia.org/resource/Billy_Madison	http://dbpedia.org/resource/Billy_Madison	Billy_Madison
		http://dbpedia.org/resource/Badulla	Badulla
		http://dbpedia.org/resource/Kisarazu	Kisarazu
		http://dbpedia.org/resource/Nanjing	Nanjing
		http://dbpedia.org/resource/Burley,_Idaho	Burley,_Idaho
		http://dbpedia.org/resource/Adairsville,_Georgia	Adairsville,_Georgia
		http://dbpedia.org/resource/Greifswald	Greifswald
		http://dbpedia.org/resource/Carahue	Carahue
		http://dbpedia.org/resource/Atlantic_City,_New_Jersey	Atlantic_City,_New_Jersey
		http://dbpedia.org/resource/Huntington,_West_Virginia	Huntington,_West_Virginia
		http://dbpedia.org/resource/Marrakesh	Marrakesh
		http://dbpedia.org/resource/Barstow,_California	Barstow,_California
		http://dbpedia.org/resource/Jamestown,_North_Dakota	Jamestown,_North_Dakota
		http://dbpedia.org/resource/Baxter_Springs,_Kansas	Baxter_Springs,_Kansas
		http://dbpedia.org/resource/Dillon,_Montana	Dillon,_Montana
		http://dbpedia.org/resource/Freiburg_im_Breisgau	Freiburg_im_Breisgau
		http://dbpedia.org/resource/Sonipat	Sonipat
		http://dbpedia.org/resource/Little_Falls,_Minnesota	Little_Falls,_Minnesota
		http://dbpedia.org/resource/Kuala_Lumpur	Kuala_Lumpur
		http://dbpedia.org/resource/Highland_Park,_Michigan	Highland_Park,_Michigan
		http://dbpedia.org/resource/Aledo,_Illinois	Aledo,_Illinois
		http://dbpedia.org/resource/Mumbai	Mumbai
		http://dbpedia.org/resource/Everett,_Massachusetts	Everett,_Massachusetts
		http://dbpedia.org/resource/Hanover	Hanover
		http://dbpedia.org/resource/Sloviansk	Sloviansk
		http://dbpedia.org/resource/Pori	Pori
		http://dbpedia.org/resource/Duchy_of_Modena_and_Reggio	Duchy_of_Modena_and_Reggio
		http://dbpedia.org/resource/Wessex	Wessex
		http://dbpedia.org/resource/South_Korea	South_Korea
		http://dbpedia.org/resource/New_Netherland	New_Netherland
		http://dbpedia.org/resource/Allied-occupied_Germany	Allied-occupied_Germany
		http://dbpedia.org/resource/Montenegro	Montenegro
		http://dbpedia.org/resource/Mauritius	Mauritius
		http://dbpedia.org/resource/Mandatory_Palestine	Mandatory_Palestine
		http://dbpedia.org/resource/French_Indochina	French_Indochina
		http://dbpedia.org/resource/Hyderabad_State	Hyderabad_State
		http://dbpedia.org/resource/Finland	Finland
		http://dbpedia.org/resource/Kingdom_of_Great_Britain	Kingdom_of_Great_Britain
		http://dbpedia.org/resource/Luxembourg	Luxembourg
		http://dbpedia.org/resource/Panama	Panama
		http://dbpedia.org/resource/South_Africa	South_Africa
		http://dbpedia.org/resource/Malawi	Malawi
		http://dbpedia.org/resource/Peru	Peru
		http://dbpedia.org/resource/Taiwan_under_Japanese_rule	Taiwan_under_Japanese_rule
		http://dbpedia.org/resource/Gold_Coast_(British_colony)	Gold_Coast_(British_colony)
		http://dbpedia.org/resource/Madagascar	Madagascar
		http://dbpedia.org/resource/Province_of_South_Carolina	Province_of_South_Carolina
		http://dbpedia.org/resource/British_North_America	British_North_America
		http://dbpedia.org/resource/Slovakia	Slovakia
		http://dbpedia.org/resource/Syria	Syria
		http://dbpedia.org/resource/Trinidad_and_Tobago	Trinidad_and_Tobago
		http://dbpedia.org/resource/Bolivia	Bolivia
		http://dbpedia.org/resource/Territory_of_New_Guinea	Territory_of_New_Guinea
		http://dbpedia.org/resource/Sierra_Leone	Sierra_Leone
		http://dbpedia.org/resource/Occupation_of_Japan	Occupation_of_Japan
		http://dbpedia.org/resource/Dutch_Republic	Dutch_Republic
		http://dbpedia.org/resource/Tajikistan	Tajikistan
		http://dbpedia.org/resource/British_Virgin_Islands	British_Virgin_Islands
		http://dbpedia.org/resource/Soviet_Union	Soviet_Union
		http://dbpedia.org/resource/Azerbaijan_Soviet_Socialist_Republic	Azerbaijan_Soviet_Socialist_Republic
		http://dbpedia.org/resource/Second_Spanish_Republic	Second_Spanish_Republic
		http://dbpedia.org/resource/Republic_of_Texas	Republic_of_Texas
		http://dbpedia.org/resource/Kingdom_of_Yugoslavia	Kingdom_of_Yugoslavia
		http://dbpedia.org/resource/Safavid_dynasty	Safavid_dynasty
		http://dbpedia.org/resource/Guernsey	Guernsey
		http://dbpedia.org/resource/Grand_Duchy_of_Moscow	Grand_Duchy_of_Moscow
		http://dbpedia.org/resource/Federated_States_of_Micronesia	Federated_States_of_Micronesia
		http://dbpedia.org/resource/Somaliland	Somaliland
		http://dbpedia.org/resource/Germany	Germany
		http://dbpedia.org/resource/Iran	Iran
		http://dbpedia.org/resource/Kingdom_of_Hanover	Kingdom_of_Hanover
		http://dbpedia.org/resource/Belarus	Belarus
		http://dbpedia.org/resource/Galmudug	Galmudug
		http://dbpedia.org/resource/Nicaragua	Nicaragua
		http://dbpedia.org/resource/Badulla	Badulla
		http://dbpedia.org/resource/Kisarazu	Kisarazu
		http://dbpedia.org/resource/Nanjing	Nanjing
		http://dbpedia.org/resource/Burley,_Idaho	Burley,_Idaho
		http://dbpedia.org/resource/Adairsville,_Georgia	Adairsville,_Georgia
		http://dbpedia.org/resource/Greifswald	Greifswald
		http://dbpedia.org/resource/Carahue	Carahue
		http://dbpedia.org/resource/Atlantic_City,_New_Jersey	Atlantic_City,_New_Jersey
		http://dbpedia.org/resource/Huntington,_West_Virginia	Huntington,_West_Virginia
		http://dbpedia.org/resource/Marrakesh	Marrakesh
		http://dbpedia.org/resource/Barstow,_California	Barstow,_California
		http://dbpedia.org/resource/Jamestown,_North_Dakota	Jamestown,_North_Dakota
		http://dbpedia.org/resource/Baxter_Springs,_Kansas	Baxter_Springs,_Kansas
		http://dbpedia.org/resource/Dillon,_Montana	Dillon,_Montana
		http://dbpedia.org/resource/Freiburg_im_Breisgau	Freiburg_im_Breisgau
		http://dbpedia.org/resource/Sonipat	Sonipat
		http://dbpedia.org/resource/Little_Falls,_Minnesota	Little_Falls,_Minnesota
		http://dbpedia.org/resource/Kuala_Lumpur	Kuala_Lumpur
		http://dbpedia.org/resource/Highland_Park,_Michigan	Highland_Park,_Michigan
		http://dbpedia.org/resource/Aledo,_Illinois	Aledo,_Illinois
		http://dbpedia.org/resource/Mumbai	Mumbai
		http://dbpedia.org/resource/Everett,_Massachusetts	Everett,_Massachusetts
		http://dbpedia.org/resource/Hanover	Hanover
		http://dbpedia.org/resource/Sloviansk	Sloviansk
		http://dbpedia.org/resource/Pori	Pori
		http://dbpedia.org/resource/Lansing,_Michigan	Lansing,_Michigan
		http://dbpedia.org/resource/Mbale	Mbale
		http://dbpedia.org/resource/Alexandria,_Romania	Alexandria,_Romania
		http://dbpedia.org/resource/Hardy,_Arkansas	Hardy,_Arkansas
		http://dbpedia.org/resource/Bentonville,_Arkansas	Bentonville,_Arkansas
		http://dbpedia.org/resource/Amsterdam	Amsterdam
		http://dbpedia.org/resource/Fullerton,_California	Fullerton,_California
		http://dbpedia.org/resource/Hinesville,_Georgia	Hinesville,_Georgia
		http://dbpedia.org/resource/Colina,_Chile	Colina,_Chile
		http://dbpedia.org/resource/Cook,_Minnesota	Cook,_Minnesota
		http://dbpedia.org/resource/Burlingame,_Kansas	Burlingame,_Kansas
		http://dbpedia.org/resource/Fargo,_North_Dakota	Fargo,_North_Dakota
		http://dbpedia.org/resource/Utena	Utena
		http://dbpedia.org/resource/Elko,_Nevada	Elko,_Nevada
		http://dbpedia.org/resource/Shamakhi	Shamakhi
		http://dbpedia.org/resource/Harrisburg,_Illinois	Harrisburg,_Illinois
		http://dbpedia.org/resource/Aarhus	Aarhus
		http://dbpedia.org/resource/Lilongwe	Lilongwe
		http://dbpedia.org/resource/Bettles,_Alaska	Bettles,_Alaska
		http://dbpedia.org/resource/Franklin,_Kentucky	Franklin,_Kentucky
		http://dbpedia.org/resource/La_Habra,_California	La_Habra,_California
		http://dbpedia.org/resource/Jonava	Jonava
		http://dbpedia.org/resource/Lincolnton,_Georgia	Lincolnton,_Georgia
		http://dbpedia.org/resource/Kochi	Kochi
		http://dbpedia.org/resource/Alma,_Georgia	Alma,_Georgia
		http://dbpedia.org/resource/Lock_Haven,_Pennsylvania	Lock_Haven,_Pennsylvania
		http://dbpedia.org/resource/Kozhikode	Kozhikode
		http://dbpedia.org/resource/Kastoria	Kastoria
		http://dbpedia.org/resource/Kalamazoo,_Michigan	Kalamazoo,_Michigan
		http://dbpedia.org/resource/San_Rafael,_Mendoza	San_Rafael,_Mendoza
		http://dbpedia.org/resource/Luanda	Luanda
		http://dbpedia.org/resource/Colombo	Colombo
		http://dbpedia.org/resource/Mobile,_Alabama	Mobile,_Alabama
		http://dbpedia.org/resource/Glen_Cove,_New_York	Glen_Cove,_New_York
		http://dbpedia.org/resource/Azadshahr	Azadshahr
		http://dbpedia.org/resource/Castrop-Rauxel	Castrop-Rauxel
		http://dbpedia.org/resource/Hastings,_Nebraska	Hastings,_Nebraska
		http://dbpedia.org/resource/Holyoke,_Massachusetts	Holyoke,_Massachusetts
		http://dbpedia.org/resource/Alexandria,_Minnesota	Alexandria,_Minnesota
		http://dbpedia.org/resource/Sri_Ganganagar	Sri_Ganganagar
		http://dbpedia.org/resource/Eastman,_Georgia	Eastman,_Georgia
		http://dbpedia.org/resource/Grand_Forks,_North_Dakota	Grand_Forks,_North_Dakota
		http://dbpedia.org/resource/La_Prairie,_Quebec	La_Prairie,_Quebec
		http://dbpedia.org/resource/Peumo	Peumo
		http://dbpedia.org/resource/Caldwell,_Idaho	Caldwell,_Idaho
		http://dbpedia.org/resource/Lawrenceville,_Georgia	Lawrenceville,_Georgia
		http://dbpedia.org/resource/Al-Qamishli	Al-Qamishli
		http://dbpedia.org/resource/Torrent,_Valencia	Torrent,_Valencia
		http://dbpedia.org/resource/Laon	Laon
		http://dbpedia.org/resource/Brandenburg,_Kentucky	Brandenburg,_Kentucky
		http://dbpedia.org/resource/Conway,_Arkansas	Conway,_Arkansas
		http://dbpedia.org/resource/Moncton	Moncton
		http://dbpedia.org/resource/Craig,_Alaska	Craig,_Alaska
		http://dbpedia.org/resource/Concord,_California	Concord,_California
		http://dbpedia.org/resource/Abadan,_Iran	Abadan,_Iran
		http://dbpedia.org/resource/Sirjan	Sirjan
		http://dbpedia.org/resource/Covington,_Indiana	Covington,_Indiana
		http://dbpedia.org/resource/Leavenworth,_Kansas	Leavenworth,_Kansas
		http://dbpedia.org/resource/Nagaoka,_Niigata	Nagaoka,_Niigata
		http://dbpedia.org/resource/Haines,_Alaska	Haines,_Alaska
		http://dbpedia.org/resource/Erzurum	Erzurum
		http://dbpedia.org/resource/Asheville,_North_Carolina	Asheville,_North_Carolina
		http://dbpedia.org/resource/Birmingham,_Michigan	Birmingham,_Michigan
		http://dbpedia.org/resource/Cape_Coral,_Florida	Cape_Coral,_Florida
		http://dbpedia.org/resource/Salmas	Salmas
		http://dbpedia.org/resource/Bethel,_Alaska	Bethel,_Alaska
		http://dbpedia.org/resource/Central_City,_Kentucky	Central_City,_Kentucky
		http://dbpedia.org/resource/Barcelona	Barcelona
		http://dbpedia.org/resource/Pekalongan	Pekalongan
		http://dbpedia.org/resource/Grants_Pass,_Oregon	Grants_Pass,_Oregon
		http://dbpedia.org/resource/Gonzales,_Louisiana	Gonzales,_Louisiana
		http://dbpedia.org/resource/Reno,_Nevada	Reno,_Nevada
		http://dbpedia.org/resource/Hampton,_Virginia	Hampton,_Virginia
		http://dbpedia.org/resource/Bristol	Bristol
		http://dbpedia.org/resource/Pazardzhik	Pazardzhik
		http://dbpedia.org/resource/Guymon,_Oklahoma	Guymon,_Oklahoma
		http://dbpedia.org/resource/Kilis	Kilis
		http://dbpedia.org/resource/Santa_Rosa,_Laguna	Santa_Rosa,_Laguna
		http://dbpedia.org/resource/Lake_City,_Florida	Lake_City,_Florida
		http://dbpedia.org/resource/Kadoma,_Zimbabwe	Kadoma,_Zimbabwe
		http://dbpedia.org/resource/Foggia	Foggia
		http://dbpedia.org/resource/Mirjaveh	Mirjaveh
		http://dbpedia.org/resource/Shabestar	Shabestar
		http://dbpedia.org/resource/Dallas_City,_Illinois	Dallas_City,_Illinois
		http://dbpedia.org/resource/Disraeli,_Quebec_(city)	Disraeli,_Quebec_(city)
		http://dbpedia.org/resource/East_Longmeadow,_Massachusetts	East_Longmeadow,_Massachusetts
		http://dbpedia.org/resource/Bamako	Bamako
		http://dbpedia.org/resource/Cadillac,_Michigan	Cadillac,_Michigan
		http://dbpedia.org/resource/Gresham,_Oregon	Gresham,_Oregon
		http://dbpedia.org/resource/Bondoukou	Bondoukou
		http://dbpedia.org/resource/Fredrikstad	Fredrikstad
		http://dbpedia.org/resource/Carey,_Idaho	Carey,_Idaho
		http://dbpedia.org/resource/Fort_Worth,_Texas	Fort_Worth,_Texas
		http://dbpedia.org/resource/Bayonne	Bayonne
		http://dbpedia.org/resource/Keene,_New_Hampshire	Keene,_New_Hampshire
		http://dbpedia.org/resource/Kalispell,_Montana	Kalispell,_Montana
		http://dbpedia.org/resource/East_Prairie,_Missouri	East_Prairie,_Missouri
		http://dbpedia.org/resource/Ansbach	Ansbach
		http://dbpedia.org/resource/Huesca	Huesca
		http://dbpedia.org/resource/Carson_City,_Nevada	Carson_City,_Nevada
		http://dbpedia.org/resource/Clayton,_Missouri	Clayton,_Missouri
		http://dbpedia.org/resource/Nowshahr	Nowshahr
		http://dbpedia.org/resource/Beattyville,_Kentucky	Beattyville,_Kentucky
		http://dbpedia.org/resource/Rieti	Rieti
		http://dbpedia.org/resource/Frankfort,_Indiana	Frankfort,_Indiana
		http://dbpedia.org/resource/Haifa	Haifa
		http://dbpedia.org/resource/Blue_Ridge,_Georgia	Blue_Ridge,_Georgia
		http://dbpedia.org/resource/Fontana,_California	Fontana,_California
		http://dbpedia.org/resource/Duarte,_California	Duarte,_California
		http://dbpedia.org/resource/Eutaw,_Alabama	Eutaw,_Alabama
		http://dbpedia.org/resource/Belfast,_Maine	Belfast,_Maine
		http://dbpedia.org/resource/Coalinga,_California	Coalinga,_California
		http://dbpedia.org/resource/Grangeville,_Idaho	Grangeville,_Idaho
		http://dbpedia.org/resource/Cochran,_Georgia	Cochran,_Georgia
		http://dbpedia.org/resource/Gustavus,_Alaska	Gustavus,_Alaska
		http://dbpedia.org/resource/Kaliningrad	Kaliningrad
		http://dbpedia.org/resource/Knoxville,_Illinois	Knoxville,_Illinois
		http://dbpedia.org/resource/Amman	Amman
		http://dbpedia.org/resource/Las_Vegas,_New_Mexico	Las_Vegas,_New_Mexico
		http://dbpedia.org/resource/Malappuram	Malappuram
		http://dbpedia.org/resource/Las_Vegas	Las_Vegas
		http://dbpedia.org/resource/Carleton-sur-Mer	Carleton-sur-Mer
		http://dbpedia.org/resource/Duchy_of_Modena_and_Reggio	Duchy_of_Modena_and_Reggio
		http://dbpedia.org/resource/Wessex	Wessex
		http://dbpedia.org/resource/South_Korea	South_Korea
		http://dbpedia.org/resource/New_Netherland	New_Netherland
		http://dbpedia.org/resource/Allied-occupied_Germany	Allied-occupied_Germany
		http://dbpedia.org/resource/Montenegro	Montenegro
		http://dbpedia.org/resource/Mauritius	Mauritius
		http://dbpedia.org/resource/Mandatory_Palestine	Mandatory_Palestine
		http://dbpedia.org/resource/French_Indochina	French_Indochina
		http://dbpedia.org/resource/Hyderabad_State	Hyderabad_State
		http://dbpedia.org/resource/Finland	Finland
		http://dbpedia.org/resource/Kingdom_of_Great_Britain	Kingdom_of_Great_Britain
		http://dbpedia.org/resource/Luxembourg	Luxembourg
		http://dbpedia.org/resource/Panama	Panama
		http://dbpedia.org/resource/South_Africa	South_Africa
		http://dbpedia.org/resource/Malawi	Malawi
		http://dbpedia.org/resource/Peru	Peru
		http://dbpedia.org/resource/Taiwan_under_Japanese_rule	Taiwan_under_Japanese_rule
		http://dbpedia.org/resource/Gold_Coast_(British_colony)	Gold_Coast_(British_colony)
		http://dbpedia.org/resource/Madagascar	Madagascar
		http://dbpedia.org/resource/Province_of_South_Carolina	Province_of_South_Carolina
		http://dbpedia.org/resource/British_North_America	British_North_America
		http://dbpedia.org/resource/Slovakia	Slovakia
		http://dbpedia.org/resource/Syria	Syria
		http://dbpedia.org/resource/Trinidad_and_Tobago	Trinidad_and_Tobago
		http://dbpedia.org/resource/Bolivia	Bolivia
		http://dbpedia.org/resource/Territory_of_New_Guinea	Territory_of_New_Guinea
		http://dbpedia.org/resource/Sierra_Leone	Sierra_Leone
		http://dbpedia.org/resource/Occupation_of_Japan	Occupation_of_Japan
		http://dbpedia.org/resource/Dutch_Republic	Dutch_Republic
		http://dbpedia.org/resource/Tajikistan	Tajikistan
		http://dbpedia.org/resource/British_Virgin_Islands	British_Virgin_Islands
		http://dbpedia.org/resource/Soviet_Union	Soviet_Union
		http://dbpedia.org/resource/Azerbaijan_Soviet_Socialist_Republic	Azerbaijan_Soviet_Socialist_Republic
		http://dbpedia.org/resource/Second_Spanish_Republic	Second_Spanish_Republic
		http://dbpedia.org/resource/Republic_of_Texas	Republic_of_Texas
		http://dbpedia.org/resource/Kingdom_of_Yugoslavia	Kingdom_of_Yugoslavia
		http://dbpedia.org/resource/Safavid_dynasty	Safavid_dynasty
		http://dbpedia.org/resource/Guernsey	Guernsey
		http://dbpedia.org/resource/Grand_Duchy_of_Moscow	Grand_Duchy_of_Moscow
		http://dbpedia.org/resource/Federated_States_of_Micronesia	Federated_States_of_Micronesia
		http://dbpedia.org/resource/Somaliland	Somaliland
		http://dbpedia.org/resource/Germany	Germany
		http://dbpedia.org/resource/Iran	Iran
		http://dbpedia.org/resource/Kingdom_of_Hanover	Kingdom_of_Hanover
		http://dbpedia.org/resource/Belarus	Belarus
		http://dbpedia.org/resource/Galmudug	Galmudug
		http://dbpedia.org/resource/Nicaragua	Nicaragua
		http://dbpedia.org/resource/Hendrix_College	Hendrix_College
		http://dbpedia.org/resource/University_of_Arkansas	University_of_Arkansas
		http://dbpedia.org/resource/California_State_University,_Dominguez_Hills	California_State_University,_Dominguez_Hills
		http://dbpedia.org/resource/San_Jose_State_University	San_Jose_State_University
		http://dbpedia.org/resource/Claremont_McKenna_College	Claremont_McKenna_College
		http://dbpedia.org/resource/University_of_Southern_California	University_of_Southern_California
		http://dbpedia.org/resource/Colorado_College	Colorado_College
		http://dbpedia.org/resource/Wesleyan_University	Wesleyan_University
		http://dbpedia.org/resource/Georgia_State_University	Georgia_State_University
		http://dbpedia.org/resource/Augustana_College_(Illinois)	Augustana_College_(Illinois)
		http://dbpedia.org/resource/Illinois_State_University	Illinois_State_University
		http://dbpedia.org/resource/North_Central_College	North_Central_College
		http://dbpedia.org/resource/Taylor_University	Taylor_University
		http://dbpedia.org/resource/Valparaiso_University	Valparaiso_University
		http://dbpedia.org/resource/University_of_Kansas	University_of_Kansas
		http://dbpedia.org/resource/University_of_Kentucky	University_of_Kentucky
		http://dbpedia.org/resource/Louisiana_Tech_University	Louisiana_Tech_University
		http://dbpedia.org/resource/Bentley_University	Bentley_University
		http://dbpedia.org/resource/Brandeis_University	Brandeis_University
		http://dbpedia.org/resource/College_of_the_Holy_Cross	College_of_the_Holy_Cross
		http://dbpedia.org/resource/Gordon_College_(Massachusetts)	Gordon_College_(Massachusetts)
		http://dbpedia.org/resource/University_of_Michigan	University_of_Michigan
		http://dbpedia.org/resource/Wake_Forest_University	Wake_Forest_University
		http://dbpedia.org/resource/Dartmouth_College	Dartmouth_College
		http://dbpedia.org/resource/Franklin_Pierce_University	Franklin_Pierce_University
		http://dbpedia.org/resource/Seton_Hall_University	Seton_Hall_University
		http://dbpedia.org/resource/Rensselaer_Polytechnic_Institute	Rensselaer_Polytechnic_Institute
		http://dbpedia.org/resource/Syracuse_University	Syracuse_University
		http://dbpedia.org/resource/Wright_State_University	Wright_State_University
		http://dbpedia.org/resource/University_of_Oklahoma	University_of_Oklahoma
		http://dbpedia.org/resource/George_Fox_University	George_Fox_University
		http://dbpedia.org/resource/Linfield_College	Linfield_College
		http://dbpedia.org/resource/Alvernia_University	Alvernia_University
		http://dbpedia.org/resource/Haverford_College	Haverford_College
		http://dbpedia.org/resource/Muhlenberg_College	Muhlenberg_College
		http://dbpedia.org/resource/Lock_Haven_University_of_Pennsylvania	Lock_Haven_University_of_Pennsylvania
		http://dbpedia.org/resource/Converse_College	Converse_College
		http://dbpedia.org/resource/Lipscomb_University	Lipscomb_University
		http://dbpedia.org/resource/Sewanee:_The_University_of_the_South	Sewanee:_The_University_of_the_South
		http://dbpedia.org/resource/Texas_A&M_University	Texas_A&M_University
		http://dbpedia.org/resource/Southern_Utah_University	Southern_Utah_University
		http://dbpedia.org/resource/Pacific_Lutheran_University	Pacific_Lutheran_University
		http://dbpedia.org/resource/Stankonia	Stankonia
		http://dbpedia.org/resource/The_Guitar_Song	The_Guitar_Song
		http://dbpedia.org/resource/HoboSapiens	HoboSapiens
		http://dbpedia.org/resource/Chutes_Too_Narrow	Chutes_Too_Narrow
		http://dbpedia.org/resource/Neon_Bible	Neon_Bible
		http://dbpedia.org/resource/Feast_of_Wire	Feast_of_Wire
		http://dbpedia.org/resource/Rings_Around_the_World	Rings_Around_the_World
		http://dbpedia.org/resource/Apollo_Kids_(album)	Apollo_Kids_(album)
		http://dbpedia.org/resource/Geogaddi	Geogaddi
		http://dbpedia.org/resource/Lost_and_Safe	Lost_and_Safe
		http://dbpedia.org/resource/Love_on_the_Inside	Love_on_the_Inside
		http://dbpedia.org/resource/We_Are_Beautiful,_We_Are_Doomed	We_Are_Beautiful,_We_Are_Doomed
		http://dbpedia.org/resource/Figure_8_(album)	Figure_8_(album)
		http://dbpedia.org/resource/Post-War	Post-War
		http://dbpedia.org/resource/Riot!	Riot!
		http://dbpedia.org/resource/Mic_Tyson	Mic_Tyson
		http://dbpedia.org/resource/Pawn_Shoppe_Heart	Pawn_Shoppe_Heart
		http://dbpedia.org/resource/The_Magic_Numbers_(album)	The_Magic_Numbers_(album)
		http://dbpedia.org/resource/Backspacer	Backspacer
		http://dbpedia.org/resource/Blackout!_2	Blackout!_2
		http://dbpedia.org/resource/Cripple_Crow	Cripple_Crow
		http://dbpedia.org/resource/The_Open_Door	The_Open_Door
		http://dbpedia.org/resource/Before_I_Self_Destruct	Before_I_Self_Destruct
		http://dbpedia.org/resource/Happiness_Ltd.	Happiness_Ltd.
		http://dbpedia.org/resource/Kids_in_the_Street	Kids_in_the_Street
		http://dbpedia.org/resource/R.O.O.T.S.	R.O.O.T.S.
		http://dbpedia.org/resource/Fasciinatiion	Fasciinatiion
		http://dbpedia.org/resource/Back_on_My_B.S.	Back_on_My_B.S.
		http://dbpedia.org/resource/Shaman_(album)	Shaman_(album)
		http://dbpedia.org/resource/Autumn,_Again	Autumn,_Again
		http://dbpedia.org/resource/Crossing_the_Rubicon_(The_Sounds_album)	Crossing_the_Rubicon_(The_Sounds_album)
		http://dbpedia.org/resource/Electronic_Earth	Electronic_Earth
		http://dbpedia.org/resource/Morningwood_(album)	Morningwood_(album)
		http://dbpedia.org/resource/Come_to_Life	Come_to_Life
		http://dbpedia.org/resource/Something_to_Die_For	Something_to_Die_For
		http://dbpedia.org/resource/Just_Whitney	Just_Whitney
		http://dbpedia.org/resource/SuperHeavy_(album)	SuperHeavy_(album)
		http://dbpedia.org/resource/Can't_Be_Tamed	Can't_Be_Tamed
		http://dbpedia.org/resource/Monkey_Business_(album)	Monkey_Business_(album)
		http://dbpedia.org/resource/Everybody_Wants_to_Be_on_TV	Everybody_Wants_to_Be_on_TV
		http://dbpedia.org/resource/Juliana's_Pony:_Total_System_Failure	Juliana's_Pony:_Total_System_Failure
		http://dbpedia.org/resource/Zrich	Zrich
		http://dbpedia.org/resource/Amsterdam	Amsterdam
		http://dbpedia.org/resource/Luxembourg	Luxembourg
		http://dbpedia.org/resource/London	London
		http://dbpedia.org/resource/Barcelona	Barcelona
		http://dbpedia.org/resource/Saint_Peter_Port	Saint_Peter_Port
		http://dbpedia.org/resource/Montevideo	Montevideo
		http://dbpedia.org/resource/Kuala_Lumpur	Kuala_Lumpur
		http://dbpedia.org/resource/Colombo	Colombo
		http://dbpedia.org/resource/Amman	Amman
		http://dbpedia.org/resource/La_Paz	La_Paz
		http://dbpedia.org/resource/Nanjing	Nanjing
		http://dbpedia.org/resource/Mumbai	Mumbai
		http://dbpedia.org/resource/Tirana	Tirana
		http://dbpedia.org/resource/Minsk	Minsk
		http://dbpedia.org/resource/Kazan	Kazan
		http://dbpedia.org/resource/Conakry	Conakry
		http://dbpedia.org/resource/Bamako	Bamako
		http://dbpedia.org/resource/Luanda	Luanda
		http://dbpedia.org/resource/Brazzaville	Brazzaville
		http://dbpedia.org/resource/ExxonMobil	ExxonMobil
		http://dbpedia.org/resource/Mitsubishi_UFJ_Financial_Group	Mitsubishi_UFJ_Financial_Group
		http://dbpedia.org/resource/General_Motors	General_Motors
		http://dbpedia.org/resource/Coca-Cola	Coca-Cola
		http://dbpedia.org/resource/Renault	Renault
		http://dbpedia.org/resource/Jardine_Matheson	Jardine_Matheson
		http://dbpedia.org/resource/Anthem_Inc.	Anthem_Inc.
		http://dbpedia.org/resource/Lockheed_Martin	Lockheed_Martin
		http://dbpedia.org/resource/Kia_Motors	Kia_Motors
		http://dbpedia.org/resource/Power_Corporation_of_Canada	Power_Corporation_of_Canada
		http://dbpedia.org/resource/BAE_Systems	BAE_Systems
		http://dbpedia.org/resource/Syngenta	Syngenta
		http://dbpedia.org/resource/CSX_Transportation	CSX_Transportation
		http://dbpedia.org/resource/Swisscom	Swisscom
		http://dbpedia.org/resource/Assicurazioni_Generali	Assicurazioni_Generali
		http://dbpedia.org/resource/Tenaga_Nasional	Tenaga_Nasional
		http://dbpedia.org/resource/Tokyo_Gas	Tokyo_Gas
		http://dbpedia.org/resource/HeidelbergCement	HeidelbergCement
		http://dbpedia.org/resource/Bank_Central_Asia	Bank_Central_Asia
		http://dbpedia.org/resource/Daiwa_House	Daiwa_House
		http://dbpedia.org/resource/Axis_Bank	Axis_Bank
		http://dbpedia.org/resource/Kone	Kone
		http://dbpedia.org/resource/Petronas	Petronas
		http://dbpedia.org/resource/Kobe_Steel	Kobe_Steel
		http://dbpedia.org/resource/Shoprite_(South_Africa)	Shoprite_(South_Africa)
		http://dbpedia.org/resource/Boston_Scientific	Boston_Scientific
		http://dbpedia.org/resource/Celanese	Celanese
		http://dbpedia.org/resource/Wynn_Resorts	Wynn_Resorts
		http://dbpedia.org/resource/Kotak_Mahindra_Bank	Kotak_Mahindra_Bank
		http://dbpedia.org/resource/ST_Engineering	ST_Engineering
		http://dbpedia.org/resource/First_Republic_Bank	First_Republic_Bank
		http://dbpedia.org/resource/First_Pacific	First_Pacific
		http://dbpedia.org/resource/Celesio	Celesio
		http://dbpedia.org/resource/Embraer	Embraer
		http://dbpedia.org/resource/Tiffany_&_Co.	Tiffany_&_Co.
		http://dbpedia.org/resource/Israel_Discount_Bank	Israel_Discount_Bank
		http://dbpedia.org/resource/OPAP	OPAP
		http://dbpedia.org/resource/Doosan_Heavy_Industries_&_Construction	Doosan_Heavy_Industries_&_Construction
		http://dbpedia.org/resource/Air_Canada	Air_Canada
		http://dbpedia.org/resource/LG_Uplus	LG_Uplus
		http://dbpedia.org/resource/Lindt_&_Sprngli	Lindt_&_Sprngli
		http://dbpedia.org/resource/Kesko	Kesko
		http://dbpedia.org/resource/Close_Encounters_of_the_Third_Kind	Close_Encounters_of_the_Third_Kind
		http://dbpedia.org/resource/The_Agronomist	The_Agronomist
		http://dbpedia.org/resource/I_Love_Your_Work	I_Love_Your_Work
		http://dbpedia.org/resource/Final_Destination	Final_Destination
		http://dbpedia.org/resource/Hannibal_Rising_(film)	Hannibal_Rising_(film)
		http://dbpedia.org/resource/Happy_Gilmore	Happy_Gilmore
		http://dbpedia.org/resource/Postal_(film)	Postal_(film)
		http://dbpedia.org/resource/Superman_IV:_The_Quest_for_Peace	Superman_IV:_The_Quest_for_Peace
		http://dbpedia.org/resource/Freddy_Got_Fingered	Freddy_Got_Fingered
		http://dbpedia.org/resource/American_Hustle	American_Hustle
		http://dbpedia.org/resource/Out_of_Sight	Out_of_Sight
		http://dbpedia.org/resource/Shrek	Shrek
		http://dbpedia.org/resource/Riding_Giants	Riding_Giants
		http://dbpedia.org/resource/Whale_Rider	Whale_Rider
		http://dbpedia.org/resource/The_Taste_of_Others	The_Taste_of_Others
		http://dbpedia.org/resource/The_Original_Kings_of_Comedy	The_Original_Kings_of_Comedy
		http://dbpedia.org/resource/Bad_Santa	Bad_Santa
		http://dbpedia.org/resource/It_Might_Get_Loud	It_Might_Get_Loud
		http://dbpedia.org/resource/Vicky_Cristina_Barcelona	Vicky_Cristina_Barcelona
		http://dbpedia.org/resource/Mission:_Impossible_III	Mission:_Impossible_III
		http://dbpedia.org/resource/Dolphin_Tale	Dolphin_Tale
		http://dbpedia.org/resource/Nothing_in_Common	Nothing_in_Common
		http://dbpedia.org/resource/The_Breakfast_Club	The_Breakfast_Club
		http://dbpedia.org/resource/The_Claim	The_Claim
		http://dbpedia.org/resource/Red_Heat	Red_Heat
		http://dbpedia.org/resource/2_Fast_2_Furious	2_Fast_2_Furious
		http://dbpedia.org/resource/Backdraft_(film)	Backdraft_(film)
		http://dbpedia.org/resource/Little_Nicky	Little_Nicky
		http://dbpedia.org/resource/The_Chronicles_of_Riddick	The_Chronicles_of_Riddick
		http://dbpedia.org/resource/The_Moth_Diaries_(film)	The_Moth_Diaries_(film)
		http://dbpedia.org/resource/Ace_Ventura:_Pet_Detective	Ace_Ventura:_Pet_Detective
		http://dbpedia.org/resource/Evan_Almighty	Evan_Almighty
		http://dbpedia.org/resource/A_Man_Apart	A_Man_Apart
		http://dbpedia.org/resource/Push_(2009_film)	Push_(2009_film)
		http://dbpedia.org/resource/Serious_Moonlight_(2009_film)	Serious_Moonlight_(2009_film)
		http://dbpedia.org/resource/Flashdance	Flashdance
		http://dbpedia.org/resource/Urban_Legend_(film)	Urban_Legend_(film)
		http://dbpedia.org/resource/Yogi_Bear_(film)	Yogi_Bear_(film)
		http://dbpedia.org/resource/Dead_Silence	Dead_Silence
		http://dbpedia.org/resource/The_Back-up_Plan	The_Back-up_Plan
		http://dbpedia.org/resource/High_School_High	High_School_High
		http://dbpedia.org/resource/Leap_Year_(2010_film)	Leap_Year_(2010_film)
		http://dbpedia.org/resource/Let_It_Ride_(film)	Let_It_Ride_(film)
		http://dbpedia.org/resource/The_Punisher_(2004_film)	The_Punisher_(2004_film)
		http://dbpedia.org/resource/Ghost_Rider:_Spirit_of_Vengeance	Ghost_Rider:_Spirit_of_Vengeance
		http://dbpedia.org/resource/The_Perfect_Holiday	The_Perfect_Holiday
		http://dbpedia.org/resource/The_Santa_Clause_3:_The_Escape_Clause	The_Santa_Clause_3:_The_Escape_Clause
		http://dbpedia.org/resource/Sonny_(film)	Sonny_(film)
		http://dbpedia.org/resource/Undiscovered	Undiscovered
		http://dbpedia.org/resource/Drop_Dead_Gorgeous_(film)	Drop_Dead_Gorgeous_(film)
		http://dbpedia.org/resource/House_on_Haunted_Hill	House_on_Haunted_Hill
		http://dbpedia.org/resource/Stigmata_(film)	Stigmata_(film)
		http://dbpedia.org/resource/The_Spy_Next_Door	The_Spy_Next_Door
		http://dbpedia.org/resource/Skyline_(film)	Skyline_(film)
		http://dbpedia.org/resource/The_Whole_Ten_Yards	The_Whole_Ten_Yards
		http://dbpedia.org/resource/Universal_Soldier:_The_Return	Universal_Soldier:_The_Return
		http://dbpedia.org/resource/3000_Miles_to_Graceland	3000_Miles_to_Graceland
		http://dbpedia.org/resource/Crazy_on_the_Outside	Crazy_on_the_Outside
		http://dbpedia.org/resource/The_Cat_in_the_Hat_(film)	The_Cat_in_the_Hat_(film)
		http://dbpedia.org/resource/Billy_Madison	Billy_Madison
		http://dbpedia.org/resource/Indonesia_national_under-23_football_team	Indonesia_national_under-23_football_team
		http://dbpedia.org/resource/Indonesia_national_under-19_football_team	Indonesia_national_under-19_football_team
		http://dbpedia.org/resource/France_national_under-16_football_team	France_national_under-16_football_team
		http://dbpedia.org/resource/Iraq_national_under-20_football_team	Iraq_national_under-20_football_team
		http://dbpedia.org/resource/Italy_national_under-15_football_team	Italy_national_under-15_football_team
		http://dbpedia.org/resource/Moldova_national_under-19_football_team	Moldova_national_under-19_football_team
		http://dbpedia.org/resource/Slovakia_national_under-17_football_team	Slovakia_national_under-17_football_team
		http://dbpedia.org/resource/Scotland_women's_national_football_team	Scotland_women's_national_football_team
		http://dbpedia.org/resource/Romania_national_under-21_football_team	Romania_national_under-21_football_team
		http://dbpedia.org/resource/Albania_national_under-20_football_team	Albania_national_under-20_football_team
		http://dbpedia.org/resource/Malta_national_under-17_football_team	Malta_national_under-17_football_team
		http://dbpedia.org/resource/Turkey_national_under-21_football_team	Turkey_national_under-21_football_team
		http://dbpedia.org/resource/Croatia_national_under-19_football_team	Croatia_national_under-19_football_team
		http://dbpedia.org/resource/Norway_national_under-19_football_team	Norway_national_under-19_football_team
		http://dbpedia.org/resource/Peru_national_under-17_football_team	Peru_national_under-17_football_team
		http://dbpedia.org/resource/England_national_football_team	England_national_football_team
		http://dbpedia.org/resource/Montserrat_national_football_team	Montserrat_national_football_team
		http://dbpedia.org/resource/Poland_national_under-20_football_team	Poland_national_under-20_football_team
		http://dbpedia.org/resource/George_W._Bush	George_W._Bush
		http://dbpedia.org/resource/Iran	Iran
		http://dbpedia.org/resource/Syria	Syria
		http://dbpedia.org/resource/Washington_(state)	Washington_(state)
		http://dbpedia.org/resource/Georgia_(U.S._state)	Georgia_(U.S._state)
		http://dbpedia.org/resource/Korea	Korea
		http://dbpedia.org/resource/Malawi	Malawi
		http://dbpedia.org/resource/Africa	Africa
		http://dbpedia.org/resource/Sharia	Sharia
		http://dbpedia.org/resource/South_Africa	South_Africa
		http://dbpedia.org/resource/Batasuna	Batasuna
		http://dbpedia.org/resource/Basque_language	Basque_language
		http://dbpedia.org/resource/Basque_nationalism	Basque_nationalism
		http://dbpedia.org/resource/Finland	Finland
		http://dbpedia.org/resource/Missing_in_Action_(film)	Missing_in_Action_(film)
		http://dbpedia.org/resource/Billy_Bob_Thornton	Billy_Bob_Thornton
		http://dbpedia.org/resource/NBCUniversal	NBCUniversal
		http://dbpedia.org/resource/Zakk_Wylde	Zakk_Wylde
		http://dbpedia.org/resource/The_Cannon_Group,_Inc.	The_Cannon_Group,_Inc.
		http://dbpedia.org/resource/World_Economic_Forum	World_Economic_Forum
		http://dbpedia.org/resource/Scottsdale,_Arizona	Scottsdale,_Arizona
		http://dbpedia.org/resource/Gulf_War	Gulf_War
		http://dbpedia.org/resource/Latin	Latin
		http://dbpedia.org/resource/Larry_Page	Larry_Page
		http://dbpedia.org/resource/Lionsgate_Television	Lionsgate_Television
		http://dbpedia.org/resource/BBC	BBC
		http://dbpedia.org/resource/DJ_Premier	DJ_Premier
		http://dbpedia.org/resource/Myspace	Myspace
		http://dbpedia.org/resource/National_Medal_of_Science	National_Medal_of_Science
		http://dbpedia.org/resource/Frank_O'Hara	Frank_O'Hara
		http://dbpedia.org/resource/Idris_Elba	Idris_Elba
		http://dbpedia.org/resource/Germany	Germany
		http://dbpedia.org/resource/Montenegro	Montenegro
		http://dbpedia.org/resource/Uganda	Uganda
		http://dbpedia.org/resource/Syria	Syria
		http://dbpedia.org/resource/Belarus	Belarus
		http://dbpedia.org/resource/Finland	Finland
		http://dbpedia.org/resource/Minsk	Minsk
		http://dbpedia.org/resource/Madagascar	Madagascar
		http://dbpedia.org/resource/Nicaragua	Nicaragua
		http://dbpedia.org/resource/Conakry	Conakry
		http://dbpedia.org/resource/London	London
		http://dbpedia.org/resource/Amman	Amman
		http://dbpedia.org/resource/Peru	Peru
		http://dbpedia.org/resource/Iran	Iran
		http://dbpedia.org/resource/Tirana	Tirana
		http://dbpedia.org/resource/Malawi	Malawi
		http://dbpedia.org/resource/Slovakia	Slovakia
		http://dbpedia.org/resource/Lilongwe	Lilongwe
		http://dbpedia.org/resource/Montevideo	Montevideo
		http://dbpedia.org/resource/Bamako	Bamako
		http://dbpedia.org/resource/Tajikistan	Tajikistan
		http://dbpedia.org/resource/Germany	Germany
		http://dbpedia.org/resource/Luanda	Luanda
		http://dbpedia.org/resource/London	London
		http://dbpedia.org/resource/Finland	Finland
		http://dbpedia.org/resource/Iran	Iran
		http://dbpedia.org/resource/Germany	Germany
		http://dbpedia.org/resource/Spokane,_Washington	Spokane,_Washington
		http://dbpedia.org/resource/Orlando,_Florida	Orlando,_Florida
		http://dbpedia.org/resource/Reno,_Nevada	Reno,_Nevada
		http://dbpedia.org/resource/Louisiana	Louisiana
		http://dbpedia.org/resource/Fontana,_California	Fontana,_California
		http://dbpedia.org/resource/Baltimore	Baltimore
		http://dbpedia.org/resource/Tucson,_Arizona	Tucson,_Arizona
		http://dbpedia.org/resource/Omaha,_Nebraska	Omaha,_Nebraska
		http://dbpedia.org/resource/Korea	Korea
		http://dbpedia.org/resource/Iran	Iran
